"ma","ten","loai","kieu_luoi","kich_thuoc","ten_file","lenh_cat","prompt"
"camap","Cá Mập Yêu","Quái","enemy6 (3x2, ô 192)","576x384","camap.png","python3 tools/cat-sheet.py camap.png camap enemy6","Create ONE image: a 576x384 enemy animation sprite sheet for a cute mobile tower-defense game based on Vietnamese folk legends, an invisible 3x2 grid of six equal 192x192 cells, read left to right, top to bottom.
CREATURE: Cá Mập: grey river shark monster swimming upright on its tail fin, toothy grin, bronze ring on the fin. Cute-but-mischievous chibi monster facing RIGHT, the body fills about 80% of the cell height, feet on the same invisible baseline near the bottom of every cell.
CELLS: [1] walk: right foot forward [2] walk: passing, body slightly higher [3] walk: left foot forward [4] walk: passing, body slightly higher (a smooth 4-frame walk loop) [5] attack wind-up: rearing back [6] attack: lunging forward with the bite / claw / weapon.
ANIMATION RULES: same character identical in every cell, consistent size and outfit, feet on the same baseline, smooth motion between consecutive frames, clear gaps between cells. Small changes between neighbouring frames; nothing touches or crosses a cell border.
STYLE: cute chibi mobile-game character, head about 1/3 of the body, big round dark-brown eyes with two white highlights, thick clean dark-brown outline #2A1608, flat cel shading (one shadow, one highlight), Dong Son bronze-drum motifs (zigzag bands, sun-star, Lac birds). Light file: about 20-30 flat colors, no gradients, no texture, no glow except the small effect asked.
BACKGROUND: perfectly flat pure magenta #FF00FF everywhere. No text, no numbers, no labels, no grid lines, no borders, no floor shadow, no watermark. Never use magenta on the subject. Keep at least 8% empty margin inside every cell; nothing crosses into another cell."
"cao","Cáo Con","Quái","enemy6 (3x2, ô 192)","576x384","cao.png","python3 tools/cat-sheet.py cao.png cao enemy6","Create ONE image: a 576x384 enemy animation sprite sheet for a cute mobile tower-defense game based on Vietnamese folk legends, an invisible 3x2 grid of six equal 192x192 cells, read left to right, top to bottom.
CREATURE: Cáo: sly orange fox spirit standing on hind legs, fluffy tail with a white tip, little bronze bell collar. Cute-but-mischievous chibi monster facing RIGHT, the body fills about 80% of the cell height, feet on the same invisible baseline near the bottom of every cell.
CELLS: [1] walk: right foot forward [2] walk: passing, body slightly higher [3] walk: left foot forward [4] walk: passing, body slightly higher (a smooth 4-frame walk loop) [5] attack wind-up: rearing back [6] attack: lunging forward with the bite / claw / weapon.
ANIMATION RULES: same character identical in every cell, consistent size and outfit, feet on the same baseline, smooth motion between consecutive frames, clear gaps between cells. Small changes between neighbouring frames; nothing touches or crosses a cell border.
STYLE: cute chibi mobile-game character, head about 1/3 of the body, big round dark-brown eyes with two white highlights, thick clean dark-brown outline #2A1608, flat cel shading (one shadow, one highlight), Dong Son bronze-drum motifs (zigzag bands, sun-star, Lac birds). Light file: about 20-30 flat colors, no gradients, no texture, no glow except the small effect asked.
BACKGROUND: perfectly flat pure magenta #FF00FF everywhere. No text, no numbers, no labels, no grid lines, no borders, no floor shadow, no watermark. Never use magenta on the subject. Keep at least 8% empty margin inside every cell; nothing crosses into another cell."
"cua","Cua Khổng Lồ","Quái","enemy6 (3x2, ô 192)","576x384","cua.png","python3 tools/cat-sheet.py cua.png cua enemy6","Create ONE image: a 576x384 enemy animation sprite sheet for a cute mobile tower-defense game based on Vietnamese folk legends, an invisible 3x2 grid of six equal 192x192 cells, read left to right, top to bottom.
CREATURE: Cua: big red river crab soldier walking sideways, huge claws, tiny bronze helmet. Cute-but-mischievous chibi monster facing RIGHT, the body fills about 80% of the cell height, feet on the same invisible baseline near the bottom of every cell.
CELLS: [1] walk: right foot forward [2] walk: passing, body slightly higher [3] walk: left foot forward [4] walk: passing, body slightly higher (a smooth 4-frame walk loop) [5] attack wind-up: rearing back [6] attack: lunging forward with the bite / claw / weapon.
ANIMATION RULES: same character identical in every cell, consistent size and outfit, feet on the same baseline, smooth motion between consecutive frames, clear gaps between cells. Small changes between neighbouring frames; nothing touches or crosses a cell border.
STYLE: cute chibi mobile-game character, head about 1/3 of the body, big round dark-brown eyes with two white highlights, thick clean dark-brown outline #2A1608, flat cel shading (one shadow, one highlight), Dong Son bronze-drum motifs (zigzag bands, sun-star, Lac birds). Light file: about 20-30 flat colors, no gradients, no texture, no glow except the small effect asked.
BACKGROUND: perfectly flat pure magenta #FF00FF everywhere. No text, no numbers, no labels, no grid lines, no borders, no floor shadow, no watermark. Never use magenta on the subject. Keep at least 8% empty margin inside every cell; nothing crosses into another cell."
"kybinh","Quỷ Cưỡi Lợn","Quái","enemy6 (3x2, ô 192)","576x384","kybinh.png","python3 tools/cat-sheet.py kybinh.png kybinh enemy6","Create ONE image: a 576x384 enemy animation sprite sheet for a cute mobile tower-defense game based on Vietnamese folk legends, an invisible 3x2 grid of six equal 192x192 cells, read left to right, top to bottom.
CREATURE: Quỷ Cưỡi Lợn: small grey-green goblin with tusks and tiny horns riding a charging dark-brown ghost wild boar with curved white tusks, glowing red eyes and a bristly mane, goblin holds a short bronze spear, NO human, NO horse. Cute-but-mischievous chibi monster facing RIGHT, the body fills about 80% of the cell height, feet on the same invisible baseline near the bottom of every cell.
CELLS: [1] walk: right foot forward [2] walk: passing, body slightly higher [3] walk: left foot forward [4] walk: passing, body slightly higher (a smooth 4-frame walk loop) [5] attack wind-up: rearing back [6] attack: lunging forward with the bite / claw / weapon.
ANIMATION RULES: same character identical in every cell, consistent size and outfit, feet on the same baseline, smooth motion between consecutive frames, clear gaps between cells. Small changes between neighbouring frames; nothing touches or crosses a cell border.
STYLE: cute chibi mobile-game character, head about 1/3 of the body, big round dark-brown eyes with two white highlights, thick clean dark-brown outline #2A1608, flat cel shading (one shadow, one highlight), Dong Son bronze-drum motifs (zigzag bands, sun-star, Lac birds). Light file: about 20-30 flat colors, no gradients, no texture, no glow except the small effect asked.
BACKGROUND: perfectly flat pure magenta #FF00FF everywhere. No text, no numbers, no labels, no grid lines, no borders, no floor shadow, no watermark. Never use magenta on the subject. Keep at least 8% empty margin inside every cell; nothing crosses into another cell."
"voichien","Voi Chiến","Quái","enemy6 (3x2, ô 192)","576x384","voichien.png","python3 tools/cat-sheet.py voichien.png voichien enemy6","Create ONE image: a 576x384 enemy animation sprite sheet for a cute mobile tower-defense game based on Vietnamese folk legends, an invisible 3x2 grid of six equal 192x192 cells, read left to right, top to bottom.
CREATURE: Voi Chiến: grey war elephant with a red and gold saddle tower, bronze tusk caps, small banner. Cute-but-mischievous chibi monster facing RIGHT, the body fills about 80% of the cell height, feet on the same invisible baseline near the bottom of every cell.
CELLS: [1] walk: right foot forward [2] walk: passing, body slightly higher [3] walk: left foot forward [4] walk: passing, body slightly higher (a smooth 4-frame walk loop) [5] attack wind-up: rearing back [6] attack: lunging forward with the bite / claw / weapon.
ANIMATION RULES: same character identical in every cell, consistent size and outfit, feet on the same baseline, smooth motion between consecutive frames, clear gaps between cells. Small changes between neighbouring frames; nothing touches or crosses a cell border.
STYLE: cute chibi mobile-game character, head about 1/3 of the body, big round dark-brown eyes with two white highlights, thick clean dark-brown outline #2A1608, flat cel shading (one shadow, one highlight), Dong Son bronze-drum motifs (zigzag bands, sun-star, Lac birds). Light file: about 20-30 flat colors, no gradients, no texture, no glow except the small effect asked.
BACKGROUND: perfectly flat pure magenta #FF00FF everywhere. No text, no numbers, no labels, no grid lines, no borders, no floor shadow, no watermark. Never use magenta on the subject. Keep at least 8% empty margin inside every cell; nothing crosses into another cell."
"tom","Tôm Binh","Quái","enemy6 (3x2, ô 192)","576x384","tom.png","python3 tools/cat-sheet.py tom.png tom enemy6","Create ONE image: a 576x384 enemy animation sprite sheet for a cute mobile tower-defense game based on Vietnamese folk legends, an invisible 3x2 grid of six equal 192x192 cells, read left to right, top to bottom.
CREATURE: Tôm Binh: orange river-shrimp soldier walking on small legs, tiny bronze helmet, round bronze shield with a star, short spear. Cute-but-mischievous chibi monster facing RIGHT, the body fills about 80% of the cell height, feet on the same invisible baseline near the bottom of every cell.
CELLS: [1] walk: right foot forward [2] walk: passing, body slightly higher [3] walk: left foot forward [4] walk: passing, body slightly higher (a smooth 4-frame walk loop) [5] attack wind-up: rearing back [6] attack: lunging forward with the bite / claw / weapon.
ANIMATION RULES: same character identical in every cell, consistent size and outfit, feet on the same baseline, smooth motion between consecutive frames, clear gaps between cells. Small changes between neighbouring frames; nothing touches or crosses a cell border.
STYLE: cute chibi mobile-game character, head about 1/3 of the body, big round dark-brown eyes with two white highlights, thick clean dark-brown outline #2A1608, flat cel shading (one shadow, one highlight), Dong Son bronze-drum motifs (zigzag bands, sun-star, Lac birds). Light file: about 20-30 flat colors, no gradients, no texture, no glow except the small effect asked.
BACKGROUND: perfectly flat pure magenta #FF00FF everywhere. No text, no numbers, no labels, no grid lines, no borders, no floor shadow, no watermark. Never use magenta on the subject. Keep at least 8% empty margin inside every cell; nothing crosses into another cell."
"casau","Cá Sấu","Quái","enemy6 (3x2, ô 192)","576x384","casau.png","python3 tools/cat-sheet.py casau.png casau enemy6","Create ONE image: a 576x384 enemy animation sprite sheet for a cute mobile tower-defense game based on Vietnamese folk legends, an invisible 3x2 grid of six equal 192x192 cells, read left to right, top to bottom.
CREATURE: Cá Sấu: chubby green crocodile walking on four short legs, bumpy back scales, toothy grin, bronze ring on the tail. Cute-but-mischievous chibi monster facing RIGHT, the body fills about 80% of the cell height, feet on the same invisible baseline near the bottom of every cell.
CELLS: [1] walk: right foot forward [2] walk: passing, body slightly higher [3] walk: left foot forward [4] walk: passing, body slightly higher (a smooth 4-frame walk loop) [5] attack wind-up: rearing back [6] attack: lunging forward with the bite / claw / weapon.
ANIMATION RULES: same character identical in every cell, consistent size and outfit, feet on the same baseline, smooth motion between consecutive frames, clear gaps between cells. Small changes between neighbouring frames; nothing touches or crosses a cell border.
STYLE: cute chibi mobile-game character, head about 1/3 of the body, big round dark-brown eyes with two white highlights, thick clean dark-brown outline #2A1608, flat cel shading (one shadow, one highlight), Dong Son bronze-drum motifs (zigzag bands, sun-star, Lac birds). Light file: about 20-30 flat colors, no gradients, no texture, no glow except the small effect asked.
BACKGROUND: perfectly flat pure magenta #FF00FF everywhere. No text, no numbers, no labels, no grid lines, no borders, no floor shadow, no watermark. Never use magenta on the subject. Keep at least 8% empty margin inside every cell; nothing crosses into another cell."
"rua","Rùa Giáp","Quái","enemy6 (3x2, ô 192)","576x384","rua.png","python3 tools/cat-sheet.py rua.png rua enemy6","Create ONE image: a 576x384 enemy animation sprite sheet for a cute mobile tower-defense game based on Vietnamese folk legends, an invisible 3x2 grid of six equal 192x192 cells, read left to right, top to bottom.
CREATURE: Rùa Giáp: big slow tortoise walking on four legs, dark green shell with bronze spikes and a zigzag rim, stern eyebrows. Cute-but-mischievous chibi monster facing RIGHT, the body fills about 80% of the cell height, feet on the same invisible baseline near the bottom of every cell.
CELLS: [1] walk: right foot forward [2] walk: passing, body slightly higher [3] walk: left foot forward [4] walk: passing, body slightly higher (a smooth 4-frame walk loop) [5] attack wind-up: rearing back [6] attack: lunging forward with the bite / claw / weapon.
ANIMATION RULES: same character identical in every cell, consistent size and outfit, feet on the same baseline, smooth motion between consecutive frames, clear gaps between cells. Small changes between neighbouring frames; nothing touches or crosses a cell border.
STYLE: cute chibi mobile-game character, head about 1/3 of the body, big round dark-brown eyes with two white highlights, thick clean dark-brown outline #2A1608, flat cel shading (one shadow, one highlight), Dong Son bronze-drum motifs (zigzag bands, sun-star, Lac birds). Light file: about 20-30 flat colors, no gradients, no texture, no glow except the small effect asked.
BACKGROUND: perfectly flat pure magenta #FF00FF everywhere. No text, no numbers, no labels, no grid lines, no borders, no floor shadow, no watermark. Never use magenta on the subject. Keep at least 8% empty margin inside every cell; nothing crosses into another cell."
"phuthuy","Sứa Tinh","Quái","enemy6 (3x2, ô 192)","576x384","phuthuy.png","python3 tools/cat-sheet.py phuthuy.png phuthuy enemy6","Create ONE image: a 576x384 enemy animation sprite sheet for a cute mobile tower-defense game based on Vietnamese folk legends, an invisible 3x2 grid of six equal 192x192 cells, read left to right, top to bottom.
CREATURE: Sứa Tinh: translucent teal jellyfish spirit floating upright, round bell-shaped head with two big glowing cyan eyes and a small grumpy mouth, wavy tentacles tangled with green seaweed, holds a small coral branch with one tentacle, NO human. Cute-but-mischievous chibi monster facing RIGHT, the body fills about 80% of the cell height, feet on the same invisible baseline near the bottom of every cell.
CELLS: [1] walk: right foot forward [2] walk: passing, body slightly higher [3] walk: left foot forward [4] walk: passing, body slightly higher (a smooth 4-frame walk loop) [5] attack wind-up: rearing back [6] attack: lunging forward with the bite / claw / weapon.
ANIMATION RULES: same character identical in every cell, consistent size and outfit, feet on the same baseline, smooth motion between consecutive frames, clear gaps between cells. Small changes between neighbouring frames; nothing touches or crosses a cell border.
STYLE: cute chibi mobile-game character, head about 1/3 of the body, big round dark-brown eyes with two white highlights, thick clean dark-brown outline #2A1608, flat cel shading (one shadow, one highlight), Dong Son bronze-drum motifs (zigzag bands, sun-star, Lac birds). Light file: about 20-30 flat colors, no gradients, no texture, no glow except the small effect asked.
BACKGROUND: perfectly flat pure magenta #FF00FF everywhere. No text, no numbers, no labels, no grid lines, no borders, no floor shadow, no watermark. Never use magenta on the subject. Keep at least 8% empty margin inside every cell; nothing crosses into another cell."
"chimbao","Chim Bão","Quái bay","enemy6 (3x2, ô 192)","576x384","chimbao.png","python3 tools/cat-sheet.py chimbao.png chimbao enemy6","Create ONE image: a 576x384 enemy animation sprite sheet for a cute mobile tower-defense game based on Vietnamese folk legends, an invisible 3x2 grid of six equal 192x192 cells, read left to right, top to bottom.
CREATURE: Chim Bão: blue-grey storm bird flying with wide wings, small lightning sparks on the wing tips, angry eyes. Cute-but-mischievous chibi monster facing RIGHT, the body fills about 80% of the cell height, flying at the same height in every cell.
CELLS: [1] flying, wings fully up [2] wings half down [3] wings fully down [4] wings half up (a smooth 4-frame flap loop) [5] attack wind-up: pulling back, eyes narrowed [6] diving attack: lunging forward.
ANIMATION RULES: same character identical in every cell, consistent size and outfit, feet on the same baseline, smooth motion between consecutive frames, clear gaps between cells. Small changes between neighbouring frames; nothing touches or crosses a cell border.
STYLE: cute chibi mobile-game character, head about 1/3 of the body, big round dark-brown eyes with two white highlights, thick clean dark-brown outline #2A1608, flat cel shading (one shadow, one highlight), Dong Son bronze-drum motifs (zigzag bands, sun-star, Lac birds). Light file: about 20-30 flat colors, no gradients, no texture, no glow except the small effect asked.
BACKGROUND: perfectly flat pure magenta #FF00FF everywhere. No text, no numbers, no labels, no grid lines, no borders, no floor shadow, no watermark. Never use magenta on the subject. Keep at least 8% empty margin inside every cell; nothing crosses into another cell."
"echme","Ếch Mẹ","Quái","enemy6 (3x2, ô 192)","576x384","echme.png","python3 tools/cat-sheet.py echme.png echme enemy6","Create ONE image: a 576x384 enemy animation sprite sheet for a cute mobile tower-defense game based on Vietnamese folk legends, an invisible 3x2 grid of six equal 192x192 cells, read left to right, top to bottom.
CREATURE: Ếch Mẹ: big fat green mother toad with a yellow belly, warts on the back, wide mouth, hopping. Cute-but-mischievous chibi monster facing RIGHT, the body fills about 80% of the cell height, feet on the same invisible baseline near the bottom of every cell.
CELLS: [1] walk: right foot forward [2] walk: passing, body slightly higher [3] walk: left foot forward [4] walk: passing, body slightly higher (a smooth 4-frame walk loop) [5] attack wind-up: rearing back [6] attack: lunging forward with the bite / claw / weapon.
ANIMATION RULES: same character identical in every cell, consistent size and outfit, feet on the same baseline, smooth motion between consecutive frames, clear gaps between cells. Small changes between neighbouring frames; nothing touches or crosses a cell border.
STYLE: cute chibi mobile-game character, head about 1/3 of the body, big round dark-brown eyes with two white highlights, thick clean dark-brown outline #2A1608, flat cel shading (one shadow, one highlight), Dong Son bronze-drum motifs (zigzag bands, sun-star, Lac birds). Light file: about 20-30 flat colors, no gradients, no texture, no glow except the small effect asked.
BACKGROUND: perfectly flat pure magenta #FF00FF everywhere. No text, no numbers, no labels, no grid lines, no borders, no floor shadow, no watermark. Never use magenta on the subject. Keep at least 8% empty margin inside every cell; nothing crosses into another cell."
"nongnoc","Nòng Nọc","Quái","enemy6 (3x2, ô 192)","576x384","nongnoc.png","python3 tools/cat-sheet.py nongnoc.png nongnoc enemy6","Create ONE image: a 576x384 enemy animation sprite sheet for a cute mobile tower-defense game based on Vietnamese folk legends, an invisible 3x2 grid of six equal 192x192 cells, read left to right, top to bottom.
CREATURE: Nòng Nọc: small round black tadpole with a wiggly tail and one big shiny eye, swimming. Cute-but-mischievous chibi monster facing RIGHT, the body fills about 80% of the cell height, feet on the same invisible baseline near the bottom of every cell.
CELLS: [1] walk: right foot forward [2] walk: passing, body slightly higher [3] walk: left foot forward [4] walk: passing, body slightly higher (a smooth 4-frame walk loop) [5] attack wind-up: rearing back [6] attack: lunging forward with the bite / claw / weapon.
ANIMATION RULES: same character identical in every cell, consistent size and outfit, feet on the same baseline, smooth motion between consecutive frames, clear gaps between cells. Small changes between neighbouring frames; nothing touches or crosses a cell border.
STYLE: cute chibi mobile-game character, head about 1/3 of the body, big round dark-brown eyes with two white highlights, thick clean dark-brown outline #2A1608, flat cel shading (one shadow, one highlight), Dong Son bronze-drum motifs (zigzag bands, sun-star, Lac birds). Light file: about 20-30 flat colors, no gradients, no texture, no glow except the small effect asked.
BACKGROUND: perfectly flat pure magenta #FF00FF everywhere. No text, no numbers, no labels, no grid lines, no borders, no floor shadow, no watermark. Never use magenta on the subject. Keep at least 8% empty margin inside every cell; nothing crosses into another cell."
"giaolong","Giao Long Con","Quái","enemy6 (3x2, ô 192)","576x384","giaolong.png","python3 tools/cat-sheet.py giaolong.png giaolong enemy6","Create ONE image: a 576x384 enemy animation sprite sheet for a cute mobile tower-defense game based on Vietnamese folk legends, an invisible 3x2 grid of six equal 192x192 cells, read left to right, top to bottom.
CREATURE: Giao Long Con: young green water dragon slithering, small horns, whiskers, little fins, curled tail. Cute-but-mischievous chibi monster facing RIGHT, the body fills about 80% of the cell height, feet on the same invisible baseline near the bottom of every cell.
CELLS: [1] walk: right foot forward [2] walk: passing, body slightly higher [3] walk: left foot forward [4] walk: passing, body slightly higher (a smooth 4-frame walk loop) [5] attack wind-up: rearing back [6] attack: lunging forward with the bite / claw / weapon.
ANIMATION RULES: same character identical in every cell, consistent size and outfit, feet on the same baseline, smooth motion between consecutive frames, clear gaps between cells. Small changes between neighbouring frames; nothing touches or crosses a cell border.
STYLE: cute chibi mobile-game character, head about 1/3 of the body, big round dark-brown eyes with two white highlights, thick clean dark-brown outline #2A1608, flat cel shading (one shadow, one highlight), Dong Son bronze-drum motifs (zigzag bands, sun-star, Lac birds). Light file: about 20-30 flat colors, no gradients, no texture, no glow except the small effect asked.
BACKGROUND: perfectly flat pure magenta #FF00FF everywhere. No text, no numbers, no labels, no grid lines, no borders, no floor shadow, no watermark. Never use magenta on the subject. Keep at least 8% empty margin inside every cell; nothing crosses into another cell."
"yeutinh","Yêu Tinh Rừng","Quái","enemy6 (3x2, ô 192)","576x384","yeutinh.png","python3 tools/cat-sheet.py yeutinh.png yeutinh enemy6","Create ONE image: a 576x384 enemy animation sprite sheet for a cute mobile tower-defense game based on Vietnamese folk legends, an invisible 3x2 grid of six equal 192x192 cells, read left to right, top to bottom.
CREATURE: Yêu Tinh Rừng: small green forest goblin with pointy ears, leaf loincloth, wooden club. Cute-but-mischievous chibi monster facing RIGHT, the body fills about 80% of the cell height, feet on the same invisible baseline near the bottom of every cell.
CELLS: [1] walk: right foot forward [2] walk: passing, body slightly higher [3] walk: left foot forward [4] walk: passing, body slightly higher (a smooth 4-frame walk loop) [5] attack wind-up: rearing back [6] attack: lunging forward with the bite / claw / weapon.
ANIMATION RULES: same character identical in every cell, consistent size and outfit, feet on the same baseline, smooth motion between consecutive frames, clear gaps between cells. Small changes between neighbouring frames; nothing touches or crosses a cell border.
STYLE: cute chibi mobile-game character, head about 1/3 of the body, big round dark-brown eyes with two white highlights, thick clean dark-brown outline #2A1608, flat cel shading (one shadow, one highlight), Dong Son bronze-drum motifs (zigzag bands, sun-star, Lac birds). Light file: about 20-30 flat colors, no gradients, no texture, no glow except the small effect asked.
BACKGROUND: perfectly flat pure magenta #FF00FF everywhere. No text, no numbers, no labels, no grid lines, no borders, no floor shadow, no watermark. Never use magenta on the subject. Keep at least 8% empty margin inside every cell; nothing crosses into another cell."
"ran","Rắn Độc","Quái","enemy6 (3x2, ô 192)","576x384","ran.png","python3 tools/cat-sheet.py ran.png ran enemy6","Create ONE image: a 576x384 enemy animation sprite sheet for a cute mobile tower-defense game based on Vietnamese folk legends, an invisible 3x2 grid of six equal 192x192 cells, read left to right, top to bottom.
CREATURE: Rắn Độc: green venomous snake slithering in S-curves, yellow belly stripes, forked red tongue, small fangs. Cute-but-mischievous chibi monster facing RIGHT, the body fills about 80% of the cell height, feet on the same invisible baseline near the bottom of every cell.
CELLS: [1] walk: right foot forward [2] walk: passing, body slightly higher [3] walk: left foot forward [4] walk: passing, body slightly higher (a smooth 4-frame walk loop) [5] attack wind-up: rearing back [6] attack: lunging forward with the bite / claw / weapon.
ANIMATION RULES: same character identical in every cell, consistent size and outfit, feet on the same baseline, smooth motion between consecutive frames, clear gaps between cells. Small changes between neighbouring frames; nothing touches or crosses a cell border.
STYLE: cute chibi mobile-game character, head about 1/3 of the body, big round dark-brown eyes with two white highlights, thick clean dark-brown outline #2A1608, flat cel shading (one shadow, one highlight), Dong Son bronze-drum motifs (zigzag bands, sun-star, Lac birds). Light file: about 20-30 flat colors, no gradients, no texture, no glow except the small effect asked.
BACKGROUND: perfectly flat pure magenta #FF00FF everywhere. No text, no numbers, no labels, no grid lines, no borders, no floor shadow, no watermark. Never use magenta on the subject. Keep at least 8% empty margin inside every cell; nothing crosses into another cell."
"doi","Dơi Hang","Quái bay","enemy6 (3x2, ô 192)","576x384","doi.png","python3 tools/cat-sheet.py doi.png doi enemy6","Create ONE image: a 576x384 enemy animation sprite sheet for a cute mobile tower-defense game based on Vietnamese folk legends, an invisible 3x2 grid of six equal 192x192 cells, read left to right, top to bottom.
CREATURE: Dơi Hang: purple cave bat flying, big ears, tiny fangs, red eyes, leathery wings. Cute-but-mischievous chibi monster facing RIGHT, the body fills about 80% of the cell height, flying at the same height in every cell.
CELLS: [1] flying, wings fully up [2] wings half down [3] wings fully down [4] wings half up (a smooth 4-frame flap loop) [5] attack wind-up: pulling back, eyes narrowed [6] diving attack: lunging forward.
ANIMATION RULES: same character identical in every cell, consistent size and outfit, feet on the same baseline, smooth motion between consecutive frames, clear gaps between cells. Small changes between neighbouring frames; nothing touches or crosses a cell border.
STYLE: cute chibi mobile-game character, head about 1/3 of the body, big round dark-brown eyes with two white highlights, thick clean dark-brown outline #2A1608, flat cel shading (one shadow, one highlight), Dong Son bronze-drum motifs (zigzag bands, sun-star, Lac birds). Light file: about 20-30 flat colors, no gradients, no texture, no glow except the small effect asked.
BACKGROUND: perfectly flat pure magenta #FF00FF everywhere. No text, no numbers, no labels, no grid lines, no borders, no floor shadow, no watermark. Never use magenta on the subject. Keep at least 8% empty margin inside every cell; nothing crosses into another cell."
"thachtinh","Thạch Tinh","Quái","enemy6 (3x2, ô 192)","576x384","thachtinh.png","python3 tools/cat-sheet.py thachtinh.png thachtinh enemy6","Create ONE image: a 576x384 enemy animation sprite sheet for a cute mobile tower-defense game based on Vietnamese folk legends, an invisible 3x2 grid of six equal 192x192 cells, read left to right, top to bottom.
CREATURE: Thạch Tinh: stocky grey stone golem of the cave, cracked rock body with moss, glowing yellow eyes, big stone fists. Cute-but-mischievous chibi monster facing RIGHT, the body fills about 80% of the cell height, feet on the same invisible baseline near the bottom of every cell.
CELLS: [1] walk: right foot forward [2] walk: passing, body slightly higher [3] walk: left foot forward [4] walk: passing, body slightly higher (a smooth 4-frame walk loop) [5] attack wind-up: rearing back [6] attack: lunging forward with the bite / claw / weapon.
ANIMATION RULES: same character identical in every cell, consistent size and outfit, feet on the same baseline, smooth motion between consecutive frames, clear gaps between cells. Small changes between neighbouring frames; nothing touches or crosses a cell border.
STYLE: cute chibi mobile-game character, head about 1/3 of the body, big round dark-brown eyes with two white highlights, thick clean dark-brown outline #2A1608, flat cel shading (one shadow, one highlight), Dong Son bronze-drum motifs (zigzag bands, sun-star, Lac birds). Light file: about 20-30 flat colors, no gradients, no texture, no glow except the small effect asked.
BACKGROUND: perfectly flat pure magenta #FF00FF everywhere. No text, no numbers, no labels, no grid lines, no borders, no floor shadow, no watermark. Never use magenta on the subject. Keep at least 8% empty margin inside every cell; nothing crosses into another cell."
"dacon","Đá Con","Quái","enemy6 (3x2, ô 192)","576x384","dacon.png","python3 tools/cat-sheet.py dacon.png dacon enemy6","Create ONE image: a 576x384 enemy animation sprite sheet for a cute mobile tower-defense game based on Vietnamese folk legends, an invisible 3x2 grid of six equal 192x192 cells, read left to right, top to bottom.
CREATURE: Đá Con: small round grey rock creature with big cute eyes, stubby arms and legs, running. Cute-but-mischievous chibi monster facing RIGHT, the body fills about 80% of the cell height, feet on the same invisible baseline near the bottom of every cell.
CELLS: [1] walk: right foot forward [2] walk: passing, body slightly higher [3] walk: left foot forward [4] walk: passing, body slightly higher (a smooth 4-frame walk loop) [5] attack wind-up: rearing back [6] attack: lunging forward with the bite / claw / weapon.
ANIMATION RULES: same character identical in every cell, consistent size and outfit, feet on the same baseline, smooth motion between consecutive frames, clear gaps between cells. Small changes between neighbouring frames; nothing touches or crosses a cell border.
STYLE: cute chibi mobile-game character, head about 1/3 of the body, big round dark-brown eyes with two white highlights, thick clean dark-brown outline #2A1608, flat cel shading (one shadow, one highlight), Dong Son bronze-drum motifs (zigzag bands, sun-star, Lac birds). Light file: about 20-30 flat colors, no gradients, no texture, no glow except the small effect asked.
BACKGROUND: perfectly flat pure magenta #FF00FF everywhere. No text, no numbers, no labels, no grid lines, no borders, no floor shadow, no watermark. Never use magenta on the subject. Keep at least 8% empty margin inside every cell; nothing crosses into another cell."
"linhan","Quỷ Giáo","Quái","enemy6 (3x2, ô 192)","576x384","linhan.png","python3 tools/cat-sheet.py linhan.png linhan enemy6","Create ONE image: a 576x384 enemy animation sprite sheet for a cute mobile tower-defense game based on Vietnamese folk legends, an invisible 3x2 grid of six equal 192x192 cells, read left to right, top to bottom.
CREATURE: Quỷ Giáo: small grey-green goblin soldier with pointy ears, two small horns, tusks and red eyes, dark red leather vest, small leather cap, round wooden shield, long bronze spear, NO human face. Cute-but-mischievous chibi monster facing RIGHT, the body fills about 80% of the cell height, feet on the same invisible baseline near the bottom of every cell.
CELLS: [1] walk: right foot forward [2] walk: passing, body slightly higher [3] walk: left foot forward [4] walk: passing, body slightly higher (a smooth 4-frame walk loop) [5] attack wind-up: rearing back [6] attack: lunging forward with the bite / claw / weapon.
ANIMATION RULES: same character identical in every cell, consistent size and outfit, feet on the same baseline, smooth motion between consecutive frames, clear gaps between cells. Small changes between neighbouring frames; nothing touches or crosses a cell border.
STYLE: cute chibi mobile-game character, head about 1/3 of the body, big round dark-brown eyes with two white highlights, thick clean dark-brown outline #2A1608, flat cel shading (one shadow, one highlight), Dong Son bronze-drum motifs (zigzag bands, sun-star, Lac birds). Light file: about 20-30 flat colors, no gradients, no texture, no glow except the small effect asked.
BACKGROUND: perfectly flat pure magenta #FF00FF everywhere. No text, no numbers, no labels, no grid lines, no borders, no floor shadow, no watermark. Never use magenta on the subject. Keep at least 8% empty margin inside every cell; nothing crosses into another cell."
"cungan","Sói Cung Thủ","Quái","enemy6 (3x2, ô 192)","576x384","cungan.png","python3 tools/cat-sheet.py cungan.png cungan enemy6","Create ONE image: a 576x384 enemy animation sprite sheet for a cute mobile tower-defense game based on Vietnamese folk legends, an invisible 3x2 grid of six equal 192x192 cells, read left to right, top to bottom.
CREATURE: Sói Cung Thủ: grey wolf demon standing on hind legs, wolf head with yellow eyes and sharp fangs, bushy tail, brown-green leather vest, quiver of arrows on the back, drawing a wooden bow, NO human. Cute-but-mischievous chibi monster facing RIGHT, the body fills about 80% of the cell height, feet on the same invisible baseline near the bottom of every cell.
CELLS: [1] walk: right foot forward [2] walk: passing, body slightly higher [3] walk: left foot forward [4] walk: passing, body slightly higher (a smooth 4-frame walk loop) [5] attack wind-up: rearing back [6] attack: lunging forward with the bite / claw / weapon.
ANIMATION RULES: same character identical in every cell, consistent size and outfit, feet on the same baseline, smooth motion between consecutive frames, clear gaps between cells. Small changes between neighbouring frames; nothing touches or crosses a cell border.
STYLE: cute chibi mobile-game character, head about 1/3 of the body, big round dark-brown eyes with two white highlights, thick clean dark-brown outline #2A1608, flat cel shading (one shadow, one highlight), Dong Son bronze-drum motifs (zigzag bands, sun-star, Lac birds). Light file: about 20-30 flat colors, no gradients, no texture, no glow except the small effect asked.
BACKGROUND: perfectly flat pure magenta #FF00FF everywhere. No text, no numbers, no labels, no grid lines, no borders, no floor shadow, no watermark. Never use magenta on the subject. Keep at least 8% empty margin inside every cell; nothing crosses into another cell."
"muc","Mực Tinh","Quái","enemy6 (3x2, ô 192)","576x384","muc.png","python3 tools/cat-sheet.py muc.png muc enemy6","Create ONE image: a 576x384 enemy animation sprite sheet for a cute mobile tower-defense game based on Vietnamese folk legends, an invisible 3x2 grid of six equal 192x192 cells, read left to right, top to bottom.
CREATURE: Mực Tinh: pink squid spirit floating upright, big angry eyes, eight curly tentacles, small ink drops. Cute-but-mischievous chibi monster facing RIGHT, the body fills about 80% of the cell height, feet on the same invisible baseline near the bottom of every cell.
CELLS: [1] walk: right foot forward [2] walk: passing, body slightly higher [3] walk: left foot forward [4] walk: passing, body slightly higher (a smooth 4-frame walk loop) [5] attack wind-up: rearing back [6] attack: lunging forward with the bite / claw / weapon.
ANIMATION RULES: same character identical in every cell, consistent size and outfit, feet on the same baseline, smooth motion between consecutive frames, clear gaps between cells. Small changes between neighbouring frames; nothing touches or crosses a cell border.
STYLE: cute chibi mobile-game character, head about 1/3 of the body, big round dark-brown eyes with two white highlights, thick clean dark-brown outline #2A1608, flat cel shading (one shadow, one highlight), Dong Son bronze-drum motifs (zigzag bands, sun-star, Lac birds). Light file: about 20-30 flat colors, no gradients, no texture, no glow except the small effect asked.
BACKGROUND: perfectly flat pure magenta #FF00FF everywhere. No text, no numbers, no labels, no grid lines, no borders, no floor shadow, no watermark. Never use magenta on the subject. Keep at least 8% empty margin inside every cell; nothing crosses into another cell."
"anvuong","Quỷ Vương Ân","Boss","boss9 (3x3, ô 256)","768x768","anvuong.png","python3 tools/cat-sheet.py anvuong.png anvuong boss9","Create ONE image: a 768x768 boss animation sprite sheet for a cute mobile tower-defense game based on Vietnamese folk legends, an invisible 3x3 grid of nine equal 256x256 cells, read left to right, top to bottom.
BOSS: Quỷ Vương Ân: demon king with dark blue skin, big curved water-buffalo horns, fangs and glowing yellow eyes, black armor with gold trim, riding a black demon steed with a flaming red mane and glowing eyes, big halberd, war drum on the saddle, NO human face. Big, menacing but still cute chibi boss facing RIGHT, the body fills about 85% of the cell height, feet on the same invisible baseline near the bottom of every cell.
CELLS: [1] walk: front foot forward [2] walk: passing, body higher [3] walk: back foot forward [4] walk: passing, body higher (a smooth 4-frame walk loop) [5] attack wind-up: weapon raised high [6] attack swing: weapon coming down with ONE short pale swoosh [7] attack impact: weapon low, small dust burst [8] rage: body glowing red-orange, roaring, arms wide [9] rage: same, stronger glow, head thrown back.
ANIMATION RULES: same character identical in every cell, consistent size and outfit, feet on the same baseline, smooth motion between consecutive frames, clear gaps between cells. Small changes between neighbouring frames; nothing touches or crosses a cell border.
STYLE: cute chibi mobile-game character, head about 1/3 of the body, big round dark-brown eyes with two white highlights, thick clean dark-brown outline #2A1608, flat cel shading (one shadow, one highlight), Dong Son bronze-drum motifs (zigzag bands, sun-star, Lac birds). Light file: about 20-30 flat colors, no gradients, no texture, no glow except the small effect asked.
BACKGROUND: perfectly flat pure magenta #FF00FF everywhere. No text, no numbers, no labels, no grid lines, no borders, no floor shadow, no watermark. Never use magenta on the subject. Keep at least 8% empty margin inside every cell; nothing crosses into another cell."
"chantinh","Chằn Tinh","Boss","boss9 (3x3, ô 256)","768x768","chantinh.png","python3 tools/cat-sheet.py chantinh.png chantinh boss9","Create ONE image: a 768x768 boss animation sprite sheet for a cute mobile tower-defense game based on Vietnamese folk legends, an invisible 3x3 grid of nine equal 256x256 cells, read left to right, top to bottom.
BOSS: Chằn Tinh: big green ogre demon of the banyan forest, tusks, horn, loincloth, huge stone club. Big, menacing but still cute chibi boss facing RIGHT, the body fills about 85% of the cell height, feet on the same invisible baseline near the bottom of every cell.
CELLS: [1] walk: front foot forward [2] walk: passing, body higher [3] walk: back foot forward [4] walk: passing, body higher (a smooth 4-frame walk loop) [5] attack wind-up: weapon raised high [6] attack swing: weapon coming down with ONE short pale swoosh [7] attack impact: weapon low, small dust burst [8] rage: body glowing red-orange, roaring, arms wide [9] rage: same, stronger glow, head thrown back.
ANIMATION RULES: same character identical in every cell, consistent size and outfit, feet on the same baseline, smooth motion between consecutive frames, clear gaps between cells. Small changes between neighbouring frames; nothing touches or crosses a cell border.
STYLE: cute chibi mobile-game character, head about 1/3 of the body, big round dark-brown eyes with two white highlights, thick clean dark-brown outline #2A1608, flat cel shading (one shadow, one highlight), Dong Son bronze-drum motifs (zigzag bands, sun-star, Lac birds). Light file: about 20-30 flat colors, no gradients, no texture, no glow except the small effect asked.
BACKGROUND: perfectly flat pure magenta #FF00FF everywhere. No text, no numbers, no labels, no grid lines, no borders, no floor shadow, no watermark. Never use magenta on the subject. Keep at least 8% empty margin inside every cell; nothing crosses into another cell."
"haba","Hà Bá","Boss","boss9 (3x3, ô 256)","768x768","haba.png","python3 tools/cat-sheet.py haba.png haba boss9","Create ONE image: a 768x768 boss animation sprite sheet for a cute mobile tower-defense game based on Vietnamese folk legends, an invisible 3x3 grid of nine equal 256x256 cells, read left to right, top to bottom.
BOSS: Hà Bá: giant old catfish spirit standing upright on a fish tail, long drooping whisker-beard, wrinkled dark green-blue skin, fish-scale robe, coral and seashell crown, trident, NO human. Big, menacing but still cute chibi boss facing RIGHT, the body fills about 85% of the cell height, feet on the same invisible baseline near the bottom of every cell.
CELLS: [1] walk: front foot forward [2] walk: passing, body higher [3] walk: back foot forward [4] walk: passing, body higher (a smooth 4-frame walk loop) [5] attack wind-up: weapon raised high [6] attack swing: weapon coming down with ONE short pale swoosh [7] attack impact: weapon low, small dust burst [8] rage: body glowing red-orange, roaring, arms wide [9] rage: same, stronger glow, head thrown back.
ANIMATION RULES: same character identical in every cell, consistent size and outfit, feet on the same baseline, smooth motion between consecutive frames, clear gaps between cells. Small changes between neighbouring frames; nothing touches or crosses a cell border.
STYLE: cute chibi mobile-game character, head about 1/3 of the body, big round dark-brown eyes with two white highlights, thick clean dark-brown outline #2A1608, flat cel shading (one shadow, one highlight), Dong Son bronze-drum motifs (zigzag bands, sun-star, Lac birds). Light file: about 20-30 flat colors, no gradients, no texture, no glow except the small effect asked.
BACKGROUND: perfectly flat pure magenta #FF00FF everywhere. No text, no numbers, no labels, no grid lines, no borders, no floor shadow, no watermark. Never use magenta on the subject. Keep at least 8% empty margin inside every cell; nothing crosses into another cell."
"ngutinh","Ngư Tinh","Boss","boss9 (3x3, ô 256)","768x768","ngutinh.png","python3 tools/cat-sheet.py ngutinh.png ngutinh boss9","Create ONE image: a 768x768 boss animation sprite sheet for a cute mobile tower-defense game based on Vietnamese folk legends, an invisible 3x3 grid of nine equal 256x256 cells, read left to right, top to bottom.
BOSS: Ngư Tinh: monstrous blue-green fish demon of the East Sea rising from waves, many sharp teeth, fin spikes. Big, menacing but still cute chibi boss facing RIGHT, the body fills about 85% of the cell height, feet on the same invisible baseline near the bottom of every cell.
CELLS: [1] walk: front foot forward [2] walk: passing, body higher [3] walk: back foot forward [4] walk: passing, body higher (a smooth 4-frame walk loop) [5] attack wind-up: weapon raised high [6] attack swing: weapon coming down with ONE short pale swoosh [7] attack impact: weapon low, small dust burst [8] rage: body glowing red-orange, roaring, arms wide [9] rage: same, stronger glow, head thrown back.
ANIMATION RULES: same character identical in every cell, consistent size and outfit, feet on the same baseline, smooth motion between consecutive frames, clear gaps between cells. Small changes between neighbouring frames; nothing touches or crosses a cell border.
STYLE: cute chibi mobile-game character, head about 1/3 of the body, big round dark-brown eyes with two white highlights, thick clean dark-brown outline #2A1608, flat cel shading (one shadow, one highlight), Dong Son bronze-drum motifs (zigzag bands, sun-star, Lac birds). Light file: about 20-30 flat colors, no gradients, no texture, no glow except the small effect asked.
BACKGROUND: perfectly flat pure magenta #FF00FF everywhere. No text, no numbers, no labels, no grid lines, no borders, no floor shadow, no watermark. Never use magenta on the subject. Keep at least 8% empty margin inside every cell; nothing crosses into another cell."
"thuongluong","Thuồng Luồng","Boss","boss9 (3x3, ô 256)","768x768","thuongluong.png","python3 tools/cat-sheet.py thuongluong.png thuongluong boss9","Create ONE image: a 768x768 boss animation sprite sheet for a cute mobile tower-defense game based on Vietnamese folk legends, an invisible 3x3 grid of nine equal 256x256 cells, read left to right, top to bottom.
BOSS: Thuồng Luồng: long green water dragon serpent coiling out of the river, horns, whiskers, bronze scales on the belly. Big, menacing but still cute chibi boss facing RIGHT, the body fills about 85% of the cell height, feet on the same invisible baseline near the bottom of every cell.
CELLS: [1] walk: front foot forward [2] walk: passing, body higher [3] walk: back foot forward [4] walk: passing, body higher (a smooth 4-frame walk loop) [5] attack wind-up: weapon raised high [6] attack swing: weapon coming down with ONE short pale swoosh [7] attack impact: weapon low, small dust burst [8] rage: body glowing red-orange, roaring, arms wide [9] rage: same, stronger glow, head thrown back.
ANIMATION RULES: same character identical in every cell, consistent size and outfit, feet on the same baseline, smooth motion between consecutive frames, clear gaps between cells. Small changes between neighbouring frames; nothing touches or crosses a cell border.
STYLE: cute chibi mobile-game character, head about 1/3 of the body, big round dark-brown eyes with two white highlights, thick clean dark-brown outline #2A1608, flat cel shading (one shadow, one highlight), Dong Son bronze-drum motifs (zigzag bands, sun-star, Lac birds). Light file: about 20-30 flat colors, no gradients, no texture, no glow except the small effect asked.
BACKGROUND: perfectly flat pure magenta #FF00FF everywhere. No text, no numbers, no labels, no grid lines, no borders, no floor shadow, no watermark. Never use magenta on the subject. Keep at least 8% empty margin inside every cell; nothing crosses into another cell."
"thuytinh","Thủy Tinh","Boss","boss9 (3x3, ô 256)","768x768","thuytinh.png","python3 tools/cat-sheet.py thuytinh.png thuytinh boss9","Create ONE image: a 768x768 boss animation sprite sheet for a cute mobile tower-defense game based on Vietnamese folk legends, an invisible 3x3 grid of nine equal 256x256 cells, read left to right, top to bottom.
BOSS: Thủy Tinh: water demon king with a blue sea-dragon head (horns, whiskers, fangs), silver-blue scaly body, fin crest on the back, silver-blue armor and fish-scale cape, crown of waves, trident, NO human face. Big, menacing but still cute chibi boss facing RIGHT, the body fills about 85% of the cell height, feet on the same invisible baseline near the bottom of every cell.
CELLS: [1] walk: front foot forward [2] walk: passing, body higher [3] walk: back foot forward [4] walk: passing, body higher (a smooth 4-frame walk loop) [5] attack wind-up: weapon raised high [6] attack swing: weapon coming down with ONE short pale swoosh [7] attack impact: weapon low, small dust burst [8] rage: body glowing red-orange, roaring, arms wide [9] rage: same, stronger glow, head thrown back.
ANIMATION RULES: same character identical in every cell, consistent size and outfit, feet on the same baseline, smooth motion between consecutive frames, clear gaps between cells. Small changes between neighbouring frames; nothing touches or crosses a cell border.
STYLE: cute chibi mobile-game character, head about 1/3 of the body, big round dark-brown eyes with two white highlights, thick clean dark-brown outline #2A1608, flat cel shading (one shadow, one highlight), Dong Son bronze-drum motifs (zigzag bands, sun-star, Lac birds). Light file: about 20-30 flat colors, no gradients, no texture, no glow except the small effect asked.
BACKGROUND: perfectly flat pure magenta #FF00FF everywhere. No text, no numbers, no labels, no grid lines, no borders, no floor shadow, no watermark. Never use magenta on the subject. Keep at least 8% empty margin inside every cell; nothing crosses into another cell."
"trieuda","Hổ Vương Triệu Đà","Boss","boss9 (3x3, ô 256)","768x768","trieuda.png","python3 tools/cat-sheet.py trieuda.png trieuda boss9","Create ONE image: a 768x768 boss animation sprite sheet for a cute mobile tower-defense game based on Vietnamese folk legends, an invisible 3x3 grid of nine equal 256x256 cells, read left to right, top to bottom.
BOSS: Hổ Vương Triệu Đà: tiger-headed demon general, orange tiger head with black-red flame stripes, long fangs and glowing eyes, clawed paws, dark red and black armor, tiger tail, big curved sword, NO human face. Big, menacing but still cute chibi boss facing RIGHT, the body fills about 85% of the cell height, feet on the same invisible baseline near the bottom of every cell.
CELLS: [1] walk: front foot forward [2] walk: passing, body higher [3] walk: back foot forward [4] walk: passing, body higher (a smooth 4-frame walk loop) [5] attack wind-up: weapon raised high [6] attack swing: weapon coming down with ONE short pale swoosh [7] attack impact: weapon low, small dust burst [8] rage: body glowing red-orange, roaring, arms wide [9] rage: same, stronger glow, head thrown back.
ANIMATION RULES: same character identical in every cell, consistent size and outfit, feet on the same baseline, smooth motion between consecutive frames, clear gaps between cells. Small changes between neighbouring frames; nothing touches or crosses a cell border.
STYLE: cute chibi mobile-game character, head about 1/3 of the body, big round dark-brown eyes with two white highlights, thick clean dark-brown outline #2A1608, flat cel shading (one shadow, one highlight), Dong Son bronze-drum motifs (zigzag bands, sun-star, Lac birds). Light file: about 20-30 flat colors, no gradients, no texture, no glow except the small effect asked.
BACKGROUND: perfectly flat pure magenta #FF00FF everywhere. No text, no numbers, no labels, no grid lines, no borders, no floor shadow, no watermark. Never use magenta on the subject. Keep at least 8% empty margin inside every cell; nothing crosses into another cell."
"daibang","Đại Bàng Tinh","Boss","boss9 (3x3, ô 256)","768x768","daibang.png","python3 tools/cat-sheet.py daibang.png daibang boss9","Create ONE image: a 768x768 boss animation sprite sheet for a cute mobile tower-defense game based on Vietnamese folk legends, an invisible 3x3 grid of nine equal 256x256 cells, read left to right, top to bottom.
BOSS: Đại Bàng Tinh: giant golden-brown eagle demon of the cave, spread wings, sharp talons, fierce red eyes, flying. Big, menacing but still cute chibi boss facing RIGHT, the body fills about 85% of the cell height, feet on the same invisible baseline near the bottom of every cell.
CELLS: [1] walk: front foot forward [2] walk: passing, body higher [3] walk: back foot forward [4] walk: passing, body higher (a smooth 4-frame walk loop) [5] attack wind-up: weapon raised high [6] attack swing: weapon coming down with ONE short pale swoosh [7] attack impact: weapon low, small dust burst [8] rage: body glowing red-orange, roaring, arms wide [9] rage: same, stronger glow, head thrown back.
ANIMATION RULES: same character identical in every cell, consistent size and outfit, feet on the same baseline, smooth motion between consecutive frames, clear gaps between cells. Small changes between neighbouring frames; nothing touches or crosses a cell border.
STYLE: cute chibi mobile-game character, head about 1/3 of the body, big round dark-brown eyes with two white highlights, thick clean dark-brown outline #2A1608, flat cel shading (one shadow, one highlight), Dong Son bronze-drum motifs (zigzag bands, sun-star, Lac birds). Light file: about 20-30 flat colors, no gradients, no texture, no glow except the small effect asked.
BACKGROUND: perfectly flat pure magenta #FF00FF everywhere. No text, no numbers, no labels, no grid lines, no borders, no floor shadow, no watermark. Never use magenta on the subject. Keep at least 8% empty margin inside every cell; nothing crosses into another cell."
"hotinh","Hồ Tinh Chín Đuôi","Boss","boss9 (3x3, ô 256)","768x768","hotinh.png","python3 tools/cat-sheet.py hotinh.png hotinh boss9","Create ONE image: a 768x768 boss animation sprite sheet for a cute mobile tower-defense game based on Vietnamese folk legends, an invisible 3x3 grid of nine equal 256x256 cells, read left to right, top to bottom.
BOSS: Hồ Tinh Chín Đuôi: white nine-tailed fox demon standing on hind legs, nine fluffy tails fanned out, sly red eyes, purple fox-fire flames. Big, menacing but still cute chibi boss facing RIGHT, the body fills about 85% of the cell height, feet on the same invisible baseline near the bottom of every cell.
CELLS: [1] walk: front foot forward [2] walk: passing, body higher [3] walk: back foot forward [4] walk: passing, body higher (a smooth 4-frame walk loop) [5] attack wind-up: weapon raised high [6] attack swing: weapon coming down with ONE short pale swoosh [7] attack impact: weapon low, small dust burst [8] rage: body glowing red-orange, roaring, arms wide [9] rage: same, stronger glow, head thrown back.
ANIMATION RULES: same character identical in every cell, consistent size and outfit, feet on the same baseline, smooth motion between consecutive frames, clear gaps between cells. Small changes between neighbouring frames; nothing touches or crosses a cell border.
STYLE: cute chibi mobile-game character, head about 1/3 of the body, big round dark-brown eyes with two white highlights, thick clean dark-brown outline #2A1608, flat cel shading (one shadow, one highlight), Dong Son bronze-drum motifs (zigzag bands, sun-star, Lac birds). Light file: about 20-30 flat colors, no gradients, no texture, no glow except the small effect asked.
BACKGROUND: perfectly flat pure magenta #FF00FF everywhere. No text, no numbers, no labels, no grid lines, no borders, no floor shadow, no watermark. Never use magenta on the subject. Keep at least 8% empty margin inside every cell; nothing crosses into another cell."
